{
    "best_miou": 0.09572939955476573,
    "metrics_history": {
        "train_loss": [
            1.7213283089491038,
            1.7118125099402208,
            1.70274267746852,
            1.689104506602654,
            1.681774799640362,
            1.67409341610395,
            1.6693996282724233,
            1.6671437116769643,
            1.6646649149747996,
            1.662591957128965,
            1.6573293254925654,
            1.6456851821679335,
            1.6344487712933466,
            1.6242583898397593,
            1.6166698199052076,
            1.6037084139310396,
            1.5917761830183177,
            1.5837922967397249,
            1.574636927017799,
            1.5681049227714539,
            1.561584247992589,
            1.557439359334799,
            1.5509859231802134,
            1.5474290939477773,
            1.5458681491705089,
            1.5453167924514184,
            1.5400049548882704,
            1.5414655071038466,
            1.5395111716710603,
            1.5383963126402636,
            1.533809991983267,
            1.5219807028770447,
            1.5091872673768263,
            1.4984098397768462,
            1.486017250097715
        ],
        "train_focal_loss": [
            0.759622491323031,
            0.7504217532964853,
            0.7418623543702639,
            0.7289940187564263,
            0.7216556393183194,
            0.7147164321862735,
            0.710194679406973,
            0.7076398569803971,
            0.7055742740631104,
            0.7038084543668307,
            0.6990199432923243,
            0.6870695948600769,
            0.6768063054634974,
            0.6667803938572223,
            0.6601022848716149,
            0.6470452982645768,
            0.6356426660831158,
            0.6280488646947421,
            0.6193246956054981,
            0.613156414948977,
            0.6071223043478452,
            0.6037221046594473,
            0.5968898511849917,
            0.5934346501643841,
            0.5925780351345356,
            0.5922734164274656,
            0.5864306000562814,
            0.5887909187720373,
            0.5861002275576959,
            0.5848872134318719,
            0.5810512120907123,
            0.5699682029394003,
            0.5575592105205243,
            0.5476130040792319,
            0.5355814213936145
        ],
        "train_dice_loss": [
            0.9617058359659635,
            0.9613907451813037,
            0.9608803185132834,
            0.9601104786762824,
            0.9601191649070153,
            0.9593769816251901,
            0.959204953450423,
            0.9595038844988897,
            0.9590906500816345,
            0.9587835096395932,
            0.9583093959551591,
            0.9586155918928293,
            0.9576424612448766,
            0.9574779913975642,
            0.9565675304486201,
            0.9566631133739765,
            0.9561335146427155,
            0.9557434320449829,
            0.9553122245348417,
            0.9549485124074496,
            0.9544619298898257,
            0.953717250090379,
            0.9540960765801944,
            0.9539944598307977,
            0.9532901140359732,
            0.9530433897788708,
            0.9535743594169617,
            0.9526745952092684,
            0.9534109349434192,
            0.9535091037933643,
            0.952758775307582,
            0.9520124884752127,
            0.9516280476863568,
            0.9507968356976142,
            0.9504358447515048
        ],
        "val_loss": [
            1.7163598707744054,
            1.705036725316729,
            1.6938505853925432,
            1.6845156635556902,
            1.676818081310817,
            1.6712079899651664,
            1.6673942634037562,
            1.6646494354520525,
            1.6636855942862374,
            1.6627742392676217,
            1.6513491017477853,
            1.6400265523365565,
            1.6288401910236903,
            1.6180310079029627,
            1.6072514738355363,
            1.597404190472194,
            1.588059323174613,
            1.579717755317688,
            1.5718226773398263,
            1.5653036151613509,
            1.5592768021992274,
            1.5541233675820487,
            1.5499839442116874,
            1.5467018740517753,
            1.5444298131125314,
            1.5425571373530798,
            1.5411582844597953,
            1.5402702604021346,
            1.5402113028935023,
            1.5397605895996094,
            1.5282453809465681,
            1.5167526858193534,
            1.50485018321446,
            1.4934233937944685
        ],
        "val_focal_loss": [
            0.7560021962438311,
            0.7451425109590802,
            0.7343937158584595,
            0.7254476887839181,
            0.7180731126240322,
            0.7127145528793335,
            0.7090755105018616,
            0.7064390097345624,
            0.7055267180715289,
            0.7046339511871338,
            0.6937135032245091,
            0.6829038432666233,
            0.6722299115998405,
            0.6619280747004918,
            0.6516442128590175,
            0.6422680956976754,
            0.6333728943552289,
            0.6254543917519706,
            0.6179430655070713,
            0.6117692930357796,
            0.6060465914862496,
            0.6011498655591693,
            0.5972231881959098,
            0.5941119875226702,
            0.591972827911377,
            0.5901940209524972,
            0.5888600860323224,
            0.5880114180701119,
            0.5879725302968707,
            0.5875321115766253,
            0.5766351648739406,
            0.5657810143062046,
            0.554525545665196,
            0.5437533344541278
        ],
        "val_dice_loss": [
            0.9603576830455235,
            0.9598942143576485,
            0.9594568610191345,
            0.9590679832867214,
            0.9587449516568866,
            0.9584934200559344,
            0.9583187529018947,
            0.9582104342324393,
            0.9581588676997593,
            0.9581403051103864,
            0.957635590008327,
            0.9571227005549839,
            0.9566102538790021,
            0.9561029332024711,
            0.9556072609765189,
            0.9551360947745187,
            0.9546864117894854,
            0.9542633550507682,
            0.9538796033178057,
            0.9535343221255711,
            0.9532301851681301,
            0.9529734935079303,
            0.9527607560157776,
            0.952589852469308,
            0.9524569937161037,
            0.9523631164005825,
            0.9522982239723206,
            0.9522588508469718,
            0.9522387725966317,
            0.9522284865379333,
            0.9516101820128304,
            0.950971680028098,
            0.9503246545791626,
            0.9496700423104423
        ],