{
    "train_loss": [
        2.5351570025086403,
        1.772735983133316,
        1.198984306305647
    ],
    "train_focal_loss": [
        1.570792194455862,
        0.8349496051669121,
        0.2890169182792306
    ],
    "train_dice_loss": [
        0.9643647987395525,
        0.9377863742411137,
        0.9099673815071583
    ],
    "val_loss": [
        1.7710690647363663,
        1.4233082830905914,
        1.0242677330970764
    ],
    "val_focal_loss": [
        0.8144812881946564,
        0.49998578056693077,
        0.1300235651433468
    ],
    "val_dice_loss": [
        0.9565877690911293,
        0.9233224987983704,
        0.8942441791296005
    ],
    "val_miou": [
        0.02325828600622388,
        0.10877825218444798,
        0.11302065710049188
    ],
    "val_accuracy": [
        0.08495216836734694,
        0.7596766780931122,
        0.7788284239477041
    ],
    "learning_rate": [
        0.0001,
        9.99938933078422e-05,
        9.997557473810373e-05
    ]
}