{
    "train_loss": [
        2.9967516190127323,
        1.740019346538343,
        0.8771334635583978,
        0.7959244251251221,
        0.7641876120316354,
        0.7581159441094649,
        0.7382122733091053,
        0.7854212977384266,
        0.741971680992528,
        0.7673588395118713,
        0.6889118834545738,
        0.758764701454263,
        0.7559901522962671,
        0.7584788673802426,
        0.7199128568172455,
        0.7523095748926464,
        0.7287722982858357,
        0.7502035702529707,
        0.7274128528017747,
        0.751739574106116,
        0.7386370269875777,
        0.7200769515413987,
        0.7038374535347286,
        0.7059449020184969,
        0.7115474013905776,
        0.7354137913176888,
        0.768656042061354,
        0.7412297270799938,
        0.7241452226513311,
        0.7288523771260914
    ],
    "train_ce_loss": [
        4.697746753692627,
        2.597769436083342,
        1.171012348250339,
        1.0405717978351994,
        0.9829681625491694,
        0.9837267587059423,
        0.9502033105022029,
        1.0376494526863098,
        0.9567716607922002,
        0.986299100675081,
        0.8706967516949302,
        0.9704022078137648,
        0.9845902386464571,
        0.9810865584172701,
        0.9162542819976807,
        0.9723418386358964,
        0.9258228163970145,
        0.9577682880978835,
        0.9398312600035417,
        0.9684534857147619,
        0.9483657353802731,
        0.9167306736895913,
        0.8953959894807715,
        0.8861781986136186,
        0.906707940917266,
        0.9358814248913213,
        0.9895118961208745,
        0.9479954964236209,
        0.935030891707069,
        0.9317197972222379
    ],
    "train_dice_loss": [
        0.4452585640706514,
        0.45339403497545344,
        0.4363150549562354,
        0.42895329155420003,
        0.43601672272933156,
        0.4196996563359311,
        0.42022564379792465,
        0.40707899081079585,
        0.41977164619847346,
        0.43894838659386887,
        0.41623450423541825,
        0.4413083728991057,
        0.4130899514022626,
        0.42456725710316706,
        0.42540064767787333,
        0.422261118888855,
        0.43319646622005265,
        0.43885641348989385,
        0.40878517847312124,
        0.42666862983452647,
        0.42404389851971674,
        0.4250962938133039,
        0.4164995817761672,
        0.4355949210493188,
        0.4188065309273569,
        0.43471227821550873,
        0.437372182544909,
        0.4310810048329203,
        0.4078166453461898,
        0.42455118424014043
    ],
    "val_loss": [
        0.7124864220619201,
        0.6757335960865021,
        0.6418404340744018
    ],
    "val_ce_loss": [
        0.9050323694944382,
        0.8539500653743743,
        0.783341521024704
    ],
    "val_dice_loss": [
        0.42366748452186587,
        0.40840882658958433,
        0.4295887351036072
    ],
    "val_miou": [
        0.024544171705776496,
        0.028329353863748553,
        0.03239588994723386
    ],
    "val_accuracy": [
        0.11065708705357143,
        0.11542889030612245,
        0.12074560879039116
    ],
    "learning_rate": [
        0.0001,
        9.757729755661011e-05,
        9.05463412215599e-05,
        7.959536998847742e-05,
        6.57963412215599e-05,
        5.05e-05,
        3.5203658778440106e-05,
        2.1404630011522586e-05,
        1.0453658778440109e-05,
        3.4227024433899e-06,
        0.0001,
        9.939057285945933e-05,
        9.757729755661011e-05,
        9.460482294732421e-05,
        9.05463412215599e-05,
        8.55017856687341e-05,
        7.959536998847742e-05,
        7.297252973710757e-05,
        6.57963412215599e-05,
        5.8243506019491436e-05,
        5.05e-05,
        4.2756493980508586e-05,
        3.5203658778440106e-05,
        2.8027470262892437e-05,
        2.1404630011522586e-05,
        1.54982143312659e-05,
        1.0453658778440109e-05,
        6.395177052675795e-06,
        3.4227024433899e-06,
        1.6094271405406859e-06
    ]
}