{
    "best_miou": 0.18677124706301218,
    "metrics_history": {
        "train_loss": [
            0.9824226410949931
        ],
        "train_focal_loss": [
            0.1270450283499325
        ],
        "train_dice_loss": [
            0.8553776074858273
        ],
        "val_loss": [
            0.8446707328160604
        ],
        "val_focal_loss": [
            0.049012329429388046
        ],
        "val_dice_loss": [
            0.7956584095954895
        ],
        "val_miou": [
            0.18677124706301218
        ],
        "val_accuracy": [
            0.838472148573849
        ],
        "learning_rate": [
            1e-05
        ]
    }
}