{
    "best_miou": 0.16114835621019216,
    "metrics_history": {
        "train_loss": [
            1.6753795651289134,
            1.6186507390095637,
            1.6035415484355047,
            1.6001204022994409,
            1.594387485430791,
            1.5929802426925073,
            1.58963759128864,
            1.590097656616798,
            1.5908175202516408,
            1.5923705651209905,
            1.5888982048401465,
            1.585952795468844,
            1.586554848230802,
            1.584045213002425,
            1.5826604182903583,
            1.5853103674375093,
            1.5819935340147753,
            1.581399761713468,
            1.5828432807555566,
            1.581111871279203,
            1.5833994104312017,
            1.5832996093309843,
            1.582171889451834,
            1.5814697696612432
        ],
        "train_focal_loss": [
            0.7159150059406574,
            0.6615903538007003,
            0.6472525963416467,
            0.6451096786902502,
            0.6390165571983044,
            0.6378409747893994,
            0.6345681112546188,
            0.6348723769187927,
            0.6359473627347213,
            0.6379843285450568,
            0.6343226593274337,
            0.632405148102687,
            0.6324610503820273,
            0.6295571235510019,
            0.6281599287803357,
            0.6307927370071411,
            0.6277188865038065,
            0.6270420620074639,
            0.6290421348351699,
            0.627201843720216,
            0.6289082719729497,
            0.6296458267248594,
            0.6286982504221109,
            0.6270126402378082
        ],
        "train_dice_loss": [
            0.9594645683582013,
            0.9570603852088635,
            0.9562889429239126,
            0.9550107236091907,
            0.9553709190625411,
            0.9551392679031079,
            0.9550694937889392,
            0.9552252774055188,
            0.9548701575169196,
            0.9543862388684199,
            0.9545755500976856,
            0.9535476473661569,
            0.9540937978487748,
            0.9544880963288821,
            0.9545004826325637,
            0.9545176189679366,
            0.9542746658508594,
            0.9543577065834632,
            0.953801148212873,
            0.9539100390214187,
            0.9544911338732793,
            0.9536537848986112,
            0.9534736367372366,
            0.9544571133760306
        ],
        "val_loss": [
            1.632763079234532,
            1.6060917207172938,
            1.5988184894834245,
            1.5954308339527674,
            1.5932118381772722,
            1.5917850562504359,
            1.590848343712943,
            1.5903124128069197,
            1.5900500501905168,
            1.5899596554892403,
            1.5875251122883387,
            1.5857998303004675,
            1.584520867892674,
            1.5835513046809606,
            1.5828746216637748,
            1.582359024456569,
            1.5819578681673323,
            1.5816616671425956,
            1.5814384732927596,
            1.581260085105896,
            1.581127643585205,
            1.5810219730649675,
            1.5809383392333984,
            1.58087614604405
        ],
        "val_focal_loss": [
            0.6761538982391357,
            0.6508570739201137,
            0.6440540381840297,
            0.6409421222550529,
            0.6389337607792446,
            0.6376419578279767,
            0.6367952057293483,
            0.6363115906715393,
            0.6360745089394706,
            0.6359937531607491,
            0.6338186604636056,
            0.6322689993040902,
            0.6311081392424447,
            0.6302316273961749,
            0.6296071580478123,
            0.6291224615914481,
            0.628747854913984,
            0.6284659079142979,
            0.6282588158335004,
            0.6280936769076756,
            0.6279683879443577,
            0.6278723989214215,
            0.6277984891619001,
            0.627742086138044
        ],
        "val_dice_loss": [
            0.9566091809953962,
            0.9552346382822309,
            0.9547644598143441,
            0.9544887287276131,
            0.9542780859129769,
            0.9541431069374084,
            0.9540531379835946,
            0.9540008136204311,
            0.9539755582809448,
            0.9539658938135419,
            0.9537064347948346,
            0.9535308309963771,
            0.9534127371651786,
            0.9533196602548871,
            0.9532674551010132,
            0.9532365458352225,
            0.9532100132533482,
            0.9531957677432469,
            0.9531796319144112,
            0.9531664337430682,
            0.9531592386109489,
            0.9531495826584953,
            0.953139875616346,
            0.9531340513910566
        ],
        "val_miou": [
            0.1064608820324609,
            0.11288222011317342,
            0.1274757760549386,
            0.14214341144560041,
            0.15542735564572827,
            0.15932600897710786,
            0.1608337083395106,
            0.16110492488971295,
            0.16114107157005075,
            0.16114835621019216,
            0.1607004030114141,
            0.15941952116540198,
            0.15789069997591298,
            0.15674701799939308,
            0.1552955856718504,
            0.15368581447260968,
            0.15219508667806103,
            0.15090239116134951,
            0.15039982807634053,
            0.14996457004092298,
            0.14963237357542963,
            0.14951612189570604,
            0.1497438255551282,
            0.14978028511446945
        ],
        "val_accuracy": [
            0.7568985386172259,
            0.763577500581225,
            0.7781598535949961,
            0.7936235487289485,
            0.8076322903927489,
            0.81234090956139,
            0.8143146610821295,
            0.8147883992665418,
            0.8149279330763204,
            0.814983841148819,
            0.8150440785513644,
            0.8139186766701062,
            0.8125197307972815,
            0.8114286401007033,
            0.8100624130152998,
            0.8085801150984738,
            0.8072060006703993,
            0.8060161067001707,
            0.8055279374156029,
            0.805110828858697,
            0.8047951609834009,
            0.8046670476477108,
            0.8048356675886646,
            0.8048486306975974
        ],
        "learning_rate": [
            1e-05,
            9.757729755661012e-06,
            9.054634122155991e-06,
            7.959536998847742e-06,
            6.57963412215599e-06,
            5.05e-06,
            3.5203658778440107e-06,
            2.1404630011522584e-06,
            1.0453658778440107e-06,
            3.4227024433899004e-07,
            1e-05,
            9.939057285945933e-06,
            9.757729755661012e-06,
            9.460482294732422e-06,
            9.054634122155991e-06,
            8.550178566873412e-06,
            7.959536998847742e-06,
            7.297252973710756e-06,
            6.57963412215599e-06,
            5.824350601949143e-06,
            5.05e-06,
            4.2756493980508584e-06,
            3.5203658778440107e-06,
            2.8027470262892435e-06
        ]
    }
}