{
    "best_miou": 0.21744426674384873,
    "metrics_history": {
        "train_loss": [
            1.0594182060315058,
            0.7004643770364615,
            0.6638528796342703
        ],
        "train_focal_loss": [
            1.398029556641212,
            0.2780113701636975,
            0.169049016558207
        ],
        "train_dice_loss": [
            0.9142990295703595,
            0.8815156817436218,
            0.8759116667967576
        ],
        "val_loss": [
            234.65352630615234,
            0.7595449537038803,
            0.6428944021463394
        ],
        "val_focal_loss": [
            780.0244750976562,
            0.4512968063354492,
            0.09945362247526646
        ],
        "val_dice_loss": [
            0.9231108725070953,
            0.8916513025760651,
            0.8757976144552231
        ],
        "val_miou": [
            0.009882522558353406,
            0.21744426674384873,
            0.20665329311759528
        ],
        "val_accuracy": [
            0.05037840331445078,
            0.7407041918329832,
            0.8223987348845788
        ],
        "learning_rate": [
            0.001,
            0.0009999383779245895,
            0.0009997535269026829
        ]
    }
}