{
    "train_loss": [
        0.9606974079058721,
        0.6933258450948275,
        0.6612347501974839,
        0.6533305644989014,
        0.6500969895949731
    ],
    "train_focal_loss": [
        1.089701547072484,
        0.2531410020131331,
        0.15965883835003927,
        0.1410141369471183,
        0.132629995735792
    ],
    "train_dice_loss": [
        0.9054099183816177,
        0.8819765127622164,
        0.8761958525731013,
        0.8728947639465332,
        0.8718685553624079
    ],
    "val_loss": [
        88.54431343078613,
        0.7880521267652512,
        0.6602426767349243,
        0.6391953229904175,
        0.6310388743877411
    ],
    "val_focal_loss": [
        292.83560943603516,
        0.59515530616045,
        0.16890798322856426,
        0.09369149897247553,
        0.06889041047543287
    ],
    "val_dice_loss": [
        0.9908993244171143,
        0.8707221895456314,
        0.8708146959543228,
        0.8729826658964157,
        0.8719596415758133
    ],
    "val_miou": [
        0.009731210015124805,
        0.24248399569462023,
        0.23899905597565274,
        0.23187564789120954,
        0.22731991577041238
    ],
    "val_accuracy": [
        0.06740176539365746,
        0.8254585525616497,
        0.8288523905656012,
        0.8270782434067377,
        0.8219273060786815
    ],
    "learning_rate": [
        0.001,
        0.0009999383779245895,
        0.0009997535269026829,
        0.000999445492543504,
        0.0009990143508499217
    ]
}