{
    "train_loss": [
        1.22116684455138,
        0.901608930184291,
        0.857612472314101,
        0.8446511626243591,
        0.8218068618040818,
        0.8179186903513395,
        0.8003554940223694,
        0.7869119139818045,
        0.7859257184542142,
        0.7926367521286011,
        0.786669515646421,
        0.7717063564520615,
        0.7655383348464966,
        0.7599403674785907,
        0.741372809960292,
        0.7464310526847839,
        0.7487896359883822,
        0.7310739847329947,
        0.7340303384340726,
        0.7177441578644973,
        0.7365938058266273,
        0.7185896405806909,
        0.7062967373774602,
        0.711473822593689,
        0.7338031163582435,
        0.7204254682247455,
        0.6938025309489324,
        0.6867272487053504,
        0.6726689155285175,
        0.6834196723424472,
        0.6893941576664264,
        0.6774832835564246,
        0.6736936477514414,
        0.6664742323068472,
        0.6604318389525781,
        0.6641490230193505,
        0.6655108332633972,
        0.6550721480296209,
        0.6564326561414279,
        0.6228078512045053,
        0.6461852422127357
    ],
    "train_focal_loss": [
        0.3688861234829976,
        0.11702031183701295,
        0.09117280835142502,
        0.0823239515034052,
        0.0700379816385416,
        0.07007799154290786,
        0.0632895236978164,
        0.05870638501185637,
        0.05825176519843248,
        0.06034558495649925,
        0.061306707274455294,
        0.051211636943312794,
        0.05468415870116307,
        0.05404285656718107,
        0.05171943398622366,
        0.05446487077726768,
        0.056289491745141834,
        0.05174110428645061,
        0.05546638340904163,
        0.04979027965320991,
        0.06314438696090992,
        0.0535788329748007,
        0.052560010781654946,
        0.0621239345234174,
        0.060241652795901664,
        0.059098960688480966,
        0.05033627066474695,
        0.050206730858637735,
        0.045858966473203436,
        0.05061756547253866,
        0.0494423213486488,
        0.049825712895164125,
        0.046833423181222036,
        0.04461957514286041,
        0.04695969089292563,
        0.04962207205020464,
        0.05007563244837981,
        0.04825790971517563,
        0.046859305208692185,
        0.04152691923081875,
        0.04368703353863496
    ],
    "train_dice_loss": [
        0.8522807267995981,
        0.7845886120429406,
        0.7664396671148447,
        0.7623272171387305,
        0.7517688870429993,
        0.7478407025337219,
        0.7370659708976746,
        0.728205524958097,
        0.7276739523960993,
        0.7322911711839529,
        0.7253628098047696,
        0.7204947242370019,
        0.710854172706604,
        0.7058975146366999,
        0.6896533690966092,
        0.6919661806179926,
        0.6925001373657813,
        0.6793328798734225,
        0.6785639616159292,
        0.6679538901035602,
        0.6734494245969332,
        0.6650108144833491,
        0.6537367288882916,
        0.6493498866374676,
        0.6735614629892203,
        0.6613265046706567,
        0.6434662571320167,
        0.636520518706395,
        0.6268099500582769,
        0.6328021058669457,
        0.6399518434817975,
        0.627657569371737,
        0.6268602334536039,
        0.62185465831023,
        0.6134721499222976,
        0.6145269595659696,
        0.615435201388139,
        0.6068142423262963,
        0.6095733505028945,
        0.5812809283916767,
        0.6024982103934655
    ],
    "val_loss": [
        5.413806080818176,
        1.1465511322021484,
        1.0061206817626953,
        0.8222003728151321,
        0.842291846871376,
        0.8214651644229889,
        0.8039626628160477,
        0.8226119130849838,
        0.8037203252315521,
        0.797888308763504,
        0.8025772720575333,
        0.7982717305421829,
        0.8208231925964355,
        0.8060005456209183,
        0.8226949274539948,
        0.7665220350027084,
        0.7715292572975159,
        0.8808557689189911,
        0.7691730856895447,
        0.8885657787322998,
        0.889938086271286,
        0.7613361179828644,
        0.7699207067489624,
        0.7344177514314651,
        1.101295366883278,
        0.7767553180456161,
        0.7394475787878036,
        0.7449423670768738,
        0.7349793016910553,
        0.8232130408287048,
        0.7552162408828735,
        0.7196442931890488,
        0.7766207009553909,
        0.7323167026042938,
        0.8871425092220306,
        0.7619209140539169,
        0.7460648417472839,
        0.7254728972911835,
        0.7130447179079056,
        0.7209954112768173,
        0.8603636026382446
    ],
    "val_focal_loss": [
        4.492467641830444,
        0.3529939278960228,
        0.2283986620604992,
        0.04718452086672187,
        0.07007905282080173,
        0.047164916060864925,
        0.035066277254372835,
        0.04519640747457743,
        0.03612851956859231,
        0.033390211407095194,
        0.03406363818794489,
        0.03438242245465517,
        0.03904589219018817,
        0.03769418736919761,
        0.07267150608822703,
        0.03431853326037526,
        0.03491140273399651,
        0.09255018457770348,
        0.05265429988503456,
        0.1333626564592123,
        0.10974676348268986,
        0.04754891712218523,
        0.04954764898866415,
        0.03226657398045063,
        0.3297345042228699,
        0.05051953811198473,
        0.02936145500279963,
        0.03447628626599908,
        0.030698231421411037,
        0.07616310566663742,
        0.04539403901435435,
        0.032802133820950985,
        0.04703131318092346,
        0.031980677507817745,
        0.15587514266371727,
        0.039060926996171474,
        0.04160815151408315,
        0.03739503165706992,
        0.03835669672116637,
        0.03424832969903946,
        0.12536787241697311
    ],
    "val_dice_loss": [
        0.9213383197784424,
        0.7935571819543839,
        0.777722030878067,
        0.7750158458948135,
        0.7722128033638,
        0.7743002474308014,
        0.7688963860273361,
        0.7774154990911484,
        0.767591804265976,
        0.7644980996847153,
        0.7685136497020721,
        0.7638893127441406,
        0.7817773073911667,
        0.7683063596487045,
        0.7500234097242355,
        0.7322034984827042,
        0.7366178631782532,
        0.7883055955171585,
        0.7165188044309616,
        0.7552031129598618,
        0.7801913321018219,
        0.7137871980667114,
        0.7203730642795563,
        0.7021511793136597,
        0.7715608477592468,
        0.7262357920408249,
        0.7100861072540283,
        0.7104660868644714,
        0.7042810767889023,
        0.7470499277114868,
        0.7098221927881241,
        0.6868421584367752,
        0.7295894026756287,
        0.7003360092639923,
        0.7312673777341843,
        0.7228599786758423,
        0.704456701874733,
        0.6880778670310974,
        0.6746880263090134,
        0.6867470890283585,
        0.7349957376718521
    ],