{
    "train_loss": [
        0.25968146677079956,
        0.1508631084702517,
        0.14586108001439194,
        0.14418273125039904,
        0.14212852500771223,
        0.1455721553218992,
        0.147139996094139,
        0.13949698052908244,
        0.1467199521629434,
        0.1431201882660389,
        0.14086516632845528,
        0.1424682857958894,
        0.1479072021810632,
        0.1411191130939283,
        0.1461921189176409,
        0.15055395251041964,
        0.1384958856199917,
        0.1454424826722396,
        0.14673684145274915,
        0.1450004638417771,
        0.1390135692138421,
        0.14182609633395546,
        0.1405927123207795,
        0.14030470326542854,
        0.1433384216537601,
        0.1413175020562975,
        0.14042347042184128,
        0.14995918070015155,
        0.14055232233122775,
        0.1424926239016809
    ],
    "val_loss": [
        0.1446076065301895,
        0.1412828966975212,
        0.13739912286400796
    ],
    "val_miou": [
        0.02972408224895804,
        0.02646573353483289,
        0.029720425651593604
    ],
    "val_accuracy": [
        0.17162840136054422,
        0.15754145408163264,
        0.16650337478741498
    ],
    "learning_rate": [
        0.0001,
        9.757729755661011e-05,
        9.05463412215599e-05,
        7.959536998847742e-05,
        6.57963412215599e-05,
        5.05e-05,
        3.5203658778440106e-05,
        2.1404630011522586e-05,
        1.0453658778440109e-05,
        3.4227024433899e-06,
        0.0001,
        9.939057285945933e-05,
        9.757729755661011e-05,
        9.460482294732421e-05,
        9.05463412215599e-05,
        8.55017856687341e-05,
        7.959536998847742e-05,
        7.297252973710757e-05,
        6.57963412215599e-05,
        5.8243506019491436e-05,
        5.05e-05,
        4.2756493980508586e-05,
        3.5203658778440106e-05,
        2.8027470262892437e-05,
        2.1404630011522586e-05,
        1.54982143312659e-05,
        1.0453658778440109e-05,
        6.395177052675795e-06,
        3.4227024433899e-06,
        1.6094271405406859e-06
    ]
}