{
    "train_loss": [
        0.6173884020401881,
        0.5529392430415521,
        0.5410142563856565,
        0.5448726094686068,
        0.537940114736557,
        0.5351112691255716,
        0.5331533780464759,
        0.5323092226798718,
        0.5314825543990502,
        0.5282149498279278,
        0.529605514728106,
        0.52867024907699,
        0.5271425820313967,
        0.5267005746181195,
        0.5268946725588578,
        0.5259217069699214,
        0.5249270246579096,
        0.5240722436171311,
        0.5236733120221359,
        0.523782111131228,
        0.5233506078903492,
        0.5223551919827094,
        0.5217122733592987,
        0.5208798624002017,
        0.5214267785732563,
        0.521363343183811,
        0.5203287097123953,
        0.5196724236011505,
        0.5195044347873101,
        0.518239289522171,
        0.5192895829677582,
        0.5184533550189092,
        0.5195084695632641,
        0.5177253072078412,
        0.5172904225496145,
        0.5173313480157119,
        0.5170422311012561,
        0.5172083079814911,
        0.5164331289438101,
        0.5175033601430746,
        0.516792391355221,
        0.516403888280575,
        0.5158718297114739,
        0.5163533252019149,
        0.5159673965894259,
        0.5153529964960538,
        0.5156417420277228,
        0.5151322140143468,
        0.5154455235371223,
        0.514659984753682,
        0.5185201213910029,
        0.5200043366505549,
        0.5204806717542502,
        0.5206153025993934,
        0.5204214384922614,
        0.5189954271683326,
        0.5176133261277125,
        0.5168796617251176,
        0.5178905610854809,
        0.516987504867407
    ],
    "train_focal_loss": [
        0.20316742374919927,
        0.06779698253824161,
        0.048397455077904925,
        0.05945239022660714,
        0.04493519069197086,
        0.03974708506407646,
        0.03671229394296041,
        0.03505684367309396,
        0.0347903987679344,
        0.029426777771172617,
        0.033751356487090774,
        0.03189414517524151,
        0.028561772635349862,
        0.028956318632341348,
        0.028645845237546243,
        0.02696688387256402,
        0.026415187149093702,
        0.025447944465738077,
        0.024341618498930566,
        0.024986697969814904,
        0.024016813661616582,
        0.02373052778868721,
        0.023010041385602493,
        0.020945248552239858,
        0.02264071649943407,
        0.02268262651677315,
        0.02190590166271879,
        0.020301400683820248,
        0.020505739752059944,
        0.01933055005681056,
        0.02107956328500922,
        0.01881426157286534,
        0.020762797588339217,
        0.018696371394281205,
        0.01806355858794772,
        0.0188056961275064,
        0.018839452200784132,
        0.01851206595221391,
        0.018050447643662874,
        0.01934365455347758,
        0.01874682973497189,
        0.01792573778388592,
        0.016869532624975994,
        0.018410622231805555,
        0.017904559723459758,
        0.016981925672063462,
        0.01766300215744055,
        0.01709750398563651,
        0.01718836696818471,
        0.016193281787519272,
        0.0206174674587181,
        0.02132359204383997,
        0.023227560835388992,
        0.02233340938647206,
        0.022610426128197175,
        0.020345026197341774,
        0.01916286775555748,
        0.01814795804854769,
        0.020068039007198352,
        0.018709278271461908
    ],
    "train_dice_loss": [
        0.893535675910803,
        0.8763673764008743,
        0.8694254159927368,
        0.8684860444985903,
        0.866610015814121,
        0.8653540152769822,
        0.8641140529742608,
        0.8638107799566709,
        0.8626106243867141,
        0.8607403590128972,
        0.8601749057953174,
        0.8598542626087482,
        0.8595297474127549,
        0.8585300330932324,
        0.859060525894165,
        0.8585582215052384,
        0.8572682165182554,
        0.8564884112431452,
        0.8565610784750718,
        0.8563123414149652,
        0.8562397612975194,
        0.85477159344233,
        0.8541803887257209,
        0.8541695727751806,
        0.8539507732941554,
        0.8538171144632193,
        0.852610537639031,
        0.852586397757897,
        0.8521701968633212,
        0.8508450641081884,
        0.8514295587172875,
        0.8515460330706376,
        0.8520055482020745,
        0.8504112248237317,
        0.8501082956790924,
        0.849681746501189,
        0.8491773834595313,
        0.849672441299145,
        0.8486882196022913,
        0.8496097784775954,
        0.8488227151907407,
        0.8487226091898404,
        0.8485399920206803,
        0.8483150945259974,
        0.8480092562161959,
        0.8476003316732553,
        0.8476275274386773,
        0.8471553073479579,
        0.8476169178119073,
        0.8469710831458752,
        0.8504551832492535,
        0.8524581216848813,
        0.8519826966982621,
        0.8528031867284042,
        0.8522954101745899,
        0.8514289993506211,
        0.8499135902294745,
        0.8493674191144797,
        0.8497721873796903,
        0.8491729520834409
    ],
    "val_loss": [
        0.5248903036117554,
        0.5242481572287423,
        0.5209031871386937,
        0.5223608953612191,
        0.5198524338858468,
        0.5195618612425668
    ],
    "val_focal_loss": [
        0.020588606329900876,
        0.020413441716560295,
        0.016133969383580343,
        0.01880453819675105,
        0.014546821692160197,
        0.014632077355469977
    ],
    "val_dice_loss": [
        0.8610914008957999,
        0.8601379479680743,
        0.8574159911700657,
        0.8580650602068219,
        0.8567228232111249,
        0.8561816556113107
    ],
    "val_miou": [
        0.2660604810273787,
        0.26477928802864087,
        0.31165851431337804,
        0.29213553458972497,
        0.3264406940749464,
        0.3303519695276273
    ],
    "val_accuracy": [
        0.827755027792367,
        0.8383899946697428,
        0.838138526895133,
        0.8198736037383704,
        0.8414934333108244,
        0.8396191484406262
    ],