{
    "train_loss": [
        0.5873480509770544,
        0.33052399989805725,
        0.31650079629923167,
        0.3052222171896382,
        0.3093637016258742,
        0.30932198817792694,
        0.29910084526789815,
        0.29717667596904856,
        0.312421357945392,
        0.3094071957625841,
        0.3076865775020499,
        0.31169253509295614,
        0.3093061980448271,
        0.2990853284534655,
        0.2948230308921714,
        0.29943990903465373,
        0.29343205023753016,
        0.30660851456617055,
        0.2967676857584401,
        0.2938846396772485,
        0.2952893792014373,
        0.2972958797686978,
        0.2951174252911618,
        0.29088704680141647,
        0.3078726584974088,
        0.2977154270598763,
        0.30206473720701116,
        0.28909195528218623,
        0.29427902322066457,
        0.2926766107741155,
        0.30212600921329696,
        0.3028777900495027,
        0.29489235501540334,
        0.28325825537505905,
        0.2940979450941086,
        0.3040457477695064,
        0.28457520823729665,
        0.30344744575651067,
        0.28876808677849014,
        0.2969909004474941,
        0.29282887672123153,
        0.2877097706261434,
        0.2946423978397721,
        0.28443586434188645,
        0.28628198724043996,
        0.2927528670743892,
        0.2948350659326503,
        0.2901806603921087,
        0.2859259734028264,
        0.284431591629982,
        0.28959954804495763,
        0.2905927837679261,
        0.3006755948850983,
        0.28488306505115407,
        0.29530857856336395,
        0.28538697565856735,
        0.29163355497937454,
        0.29933052902158935,
        0.2917116633371303,
        0.30648572115521683,
        0.3014392264579472,
        0.29259666643644633,
        0.29237088992407445,
        0.2932187616825104,
        0.2914205973869876,
        0.2898311830664936,
        0.2854328767249459,
        0.29673989626922104,
        0.29585279877248566,
        0.2908492280464423
    ],
    "train_bce_loss": [
        0.7373476224510294,
        0.23190329498366305,
        0.20551963032860504,
        0.1935758190719705,
        0.18606786351454885,
        0.19031373136921934,
        0.18244073383117976,
        0.18252333135981308,
        0.18694754807572617,
        0.18905023524635717,
        0.17415165156126022,
        0.18830693924897596,
        0.18113432118767187,
        0.17688811844901034,
        0.17425642280202164,
        0.1806155231438185,
        0.17188341758753123,
        0.17794308458503924,
        0.17520831525325775,
        0.17160367651989586,
        0.1688714137202815,
        0.16972668155243523,
        0.17427557726439677,
        0.16298590561276988,
        0.1679688437204612,
        0.1724195770527187,
        0.17405323331293307,
        0.1627874946907947,
        0.17132271238063512,
        0.16413956664894758,
        0.16766602604797012,
        0.17513038453302884,
        0.16748685977960887,
        0.14901646559959963,
        0.16373112366387718,
        0.16512157454302437,
        0.16164570164523626,
        0.16986518451257757,
        0.15836943293872632,
        0.17427999016485715,
        0.15677732562548236,
        0.16697692753453003,
        0.1705403845561178,
        0.16045233921000832,
        0.16366085233656982,
        0.15777271299770004,
        0.15908196960624896,
        0.1630013412550876,
        0.15813364147355682,
        0.15641371121532038,
        0.16109044398916395,
        0.1616115113230128,
        0.16427409805749593,
        0.16399951573265226,
        0.16710826578108887,
        0.15899743316204926,
        0.16062851740341438,
        0.17178696570427796,
        0.16194017623600207,
        0.16670455960066696,
        0.15703024832825913,
        0.16902266756484383,
        0.15888301106659988,
        0.1585010162701732,
        0.1569875555210992,
        0.16009819958555072,
        0.15317755741508385,
        0.16119524660079101,
        0.1593639638863112,
        0.16305406489654592
    ],
    "train_dice_loss": [
        0.43734847558172124,
        0.4291447055967231,
        0.42748196658335236,
        0.4168686192286642,
        0.4326595397371995,
        0.42833024577090617,
        0.415760957881024,
        0.411830020578284,
        0.43789516781505783,
        0.429764156278811,
        0.44122150069788885,
        0.4350781299565968,
        0.43747807490198237,
        0.42128253924219233,
        0.41538963035533305,
        0.41826429021985906,
        0.41498068445607234,
        0.43527393748885707,
        0.41832705704789414,
        0.41616560440314443,
        0.42170733997696325,
        0.4248650717107873,
        0.41595926880836487,
        0.41878818681365565,
        0.4477764744507639,
        0.42301127628276225,
        0.4300762414932251,
        0.41539642057920756,
        0.41723533210001496,
        0.42121365352680806,
        0.4365859894376052,
        0.43062519713451985,
        0.42229785260401276,
        0.4175000426016356,
        0.4244647669164758,
        0.4429699198195809,
        0.4075047122804742,
        0.43702970209874603,
        0.41916673904971075,
        0.41970180837731613,
        0.42888042958159195,
        0.4084426164627075,
        0.41874441347624125,
        0.40841938790522125,
        0.4089031219482422,
        0.4277330182100597,
        0.43058816382759496,
        0.41735998109767314,
        0.4137183019989415,
        0.41244946969182866,
        0.41810865308109085,
        0.4195740615066729,
        0.43707708935988576,
        0.405766614173588,
        0.42350888879675613,
        0.41177652070396825,
        0.4226385888300444,
        0.42687409488778366,
        0.42148314651690033,
        0.44626688016088384,
        0.44584820615617854,
        0.4161706629552339,
        0.4258587705461602,
        0.4279365084673229,
        0.425853641409623,
        0.4195641671356402,
        0.41768819877975866,
        0.4322845480943981,
        0.43234163679574666,
        0.418644390608135
    ],
    "val_loss": [
        0.29615660607814787,
        0.2801715895533562,
        0.2698302626609802,
        0.2929621562361717,
        0.28807500302791594,
        0.2807613626122475,
        0.2945725619792938
    ],
    "val_bce_loss": [
        0.15803694054484368,
        0.14683164805173873,
        0.1387627176940441,
        0.15173919796943663,
        0.14530828818678856,
        0.1520298570394516,
        0.15711283683776855
    ],
    "val_dice_loss": [
        0.43427627086639403,
        0.41351152062416074,
        0.40089780688285825,
        0.43418511748313904,
        0.43084171414375305,
        0.4094928681850433,
        0.43203228116035464
    ],
    "val_miou": [
        0.047870730502105587,
        0.052958094797203106,
        0.052078280885429554,
        0.03882117244891348,
        0.041139381096030075,
        0.0429743861424651,
        0.03300404902486172
    ],
    "val_accuracy": [
        0.20576955782312925,
        0.2307015306122449,
        0.23355123299319727,
        0.2160627590880102,
        0.20663381563562924,
        0.20714305644132652,
        0.1926719281462585
    ],