{
    "best_miou": 0.5465925750077328,
    "metrics_history": {
        "train_loss": [
            1.0140568000428818,
            0.8040624366087072,
            0.7618392232586356,
            0.7174321430570939,
            0.7070487877901863,
            0.6927101471844841,
            0.6879317006644081,
            0.6808903322500341,
            0.6569777692065519,
            0.6399492796729592,
            0.6723776056486017,
            0.6671803260550779,
            0.6599511048373055,
            0.6324571265893824,
            0.6416721519301919,
            0.63632932305336,
            0.6250183100209517,
            0.5978954688591116,
            0.5946152446901097,
            0.5700501133413876,
            0.5601393361301983,
            0.5705419226604349,
            0.5657207334742826,
            0.5513793659560821,
            0.5465395836269155,
            0.5402393428718343,
            0.5257614728282479,
            0.5290957724346834,
            0.5301674902439117,
            0.509511295486899,
            0.5618491838960087,
            0.5623802788117352,
            0.5498669647118625,
            0.5429413073203143,
            0.5389104047242332,
            0.5559007744578754,
            0.5370255401905846,
            0.5257353905369254,
            0.5238402003751081,
            0.5161596115897683,
            0.5227734814671909
        ],
        "train_focal_loss": [
            0.17642318495713613,
            0.04937421935884392,
            0.043559713316533494,
            0.039701559854780924,
            0.041045781718019175,
            0.037304814247524035,
            0.03874807421337156,
            0.04106816276907921,
            0.03543035192962955,
            0.03353249807568157,
            0.04430141601273242,
            0.03668502285419142,
            0.03925453756442841,
            0.03617851595010828,
            0.0393305656445377,
            0.04041960512233131,
            0.03679342441918219,
            0.03311620345887016,
            0.03447861399720697,
            0.030514412121299433,
            0.029587435070425272,
            0.033067423028542715,
            0.028917721417896888,
            0.029625536161748803,
            0.027760299634845817,
            0.02666130442829693,
            0.026376077439635992,
            0.026075011310989365,
            0.025024261462556964,
            0.0251522055169677,
            0.03249219996745095,
            0.03256779470864464,
            0.029958121040288138,
            0.028187466566176975,
            0.02880935392835561,
            0.02978704549262629,
            0.02771943944561131,
            0.02684912847026306,
            0.025803170605179143,
            0.026193751378313583,
            0.02514111146549968
        ],
        "train_dice_loss": [
            0.8376336132778841,
            0.7546882208655862,
            0.7182795089833877,
            0.6777305865989012,
            0.6660030010868522,
            0.655405333813499,
            0.6491836362025317,
            0.6398221675087424,
            0.6215474202352411,
            0.606416782912086,
            0.6280761869514689,
            0.6304952975581674,
            0.6206965639310724,
            0.5962786095983842,
            0.6023415888057035,
            0.5959097146987915,
            0.5882248896009782,
            0.5647792675915886,
            0.5601366267484778,
            0.539535699521794,
            0.5305518981288461,
            0.5374745007823495,
            0.5368030106320101,
            0.5217538248090183,
            0.5187792813076693,
            0.5135780362521901,
            0.49938539722386527,
            0.5030207633972168,
            0.5051432322053349,
            0.48435908555984497,
            0.5293569880373338,
            0.5298124832265517,
            0.5199088436715743,
            0.5147538395488963,
            0.5101010518915513,
            0.526113732772715,
            0.5093060994849485,
            0.498886260916205,
            0.49803702620898976,
            0.48996585782836466,
            0.49763237027560964
        ],
        "val_loss": [
            0.8349043130874634,
            0.7695640458001031,
            0.7431066102451749,
            0.7354171342319913,
            0.7044401499960158,
            0.7140924864345126,
            0.6922018461757236,
            0.6787147720654806,
            0.6574130455652872,
            0.6490603354242113,
            0.6966079076131185,
            0.6857237352265252,
            0.6809373961554633,
            0.7155558599366082,
            0.645706057548523,
            0.6533976064787971,
            0.6385049886173673,
            0.6323311461342705,
            0.6234532329771254,
            0.5991328954696655,
            0.59903617699941,
            0.5904575056499906,
            0.6058773199717203,
            0.589569456047482,
            0.5729364818996854,
            0.5883440375328064,
            0.5789744125472175,
            0.5701884031295776,
            0.5709013375971053,
            0.5683875580628713,
            0.5937029421329498,
            0.5846921337975396,
            0.5858391556474898,
            0.5723068912823995,
            0.598540829287635,
            0.5760568711492751,
            0.5983550747235616,
            0.5691273841593001,
            0.5717007451587253,
            0.5654271907276578,
            0.5627521706951989
        ],
        "val_focal_loss": [
            0.07153348624706268,
            0.05039476520485348,
            0.04226764726142088,
            0.04344091171191798,
            0.04556748581429323,
            0.046399864471620984,
            0.04743974904219309,
            0.044674291792843074,
            0.03972982201311323,
            0.03964958360625638,
            0.042915983953409724,
            0.046403567824098796,
            0.05057703455289205,
            0.06407030589050716,
            0.04746244764990277,
            0.044818369671702385,
            0.04690206195745203,
            0.045184086387356125,
            0.042328327894210815,
            0.037026923356784716,
            0.039761062504516706,
            0.036524975672364235,
            0.04616881493065092,
            0.03798487637605932,
            0.03585339565243986,
            0.03965228402780162,
            0.03731125241352452,
            0.03657382043699423,
            0.036715029221442014,
            0.03593755058116383,
            0.04042959937618838,
            0.03945327715741263,
            0.04175033047795296,
            0.03596069167057673,
            0.04229754416479005,
            0.03815269470214844,
            0.04170287917885515,
            0.036173510261707835,
            0.04012979629139105,
            0.034658500717745885,
            0.03447343409061432
        ],