{
    "train_loss": [
        3.2552680688745834
    ],
    "train_focal_loss": [
        1.38716724690269
    ],
    "train_dice_loss": [
        0.9591269878780141
    ],
    "val_loss": [
        2.2458985381656222
    ],
    "val_focal_loss": [
        0.8590542674064636
    ],
    "val_dice_loss": [
        0.9515981409284804
    ],
    "val_miou": [
        0.03112362939891418
    ],
    "val_accuracy": [
        0.09803621091460929
    ],
    "learning_rate": [
        1e-05
    ],
    "train_focal_loss_aux": [
        1.4403517482911838
    ],
    "train_dice_loss_aux": [
        0.8320827168576858
    ],
    "val_focal_loss_aux": [
        0.1996396564775043
    ],
    "val_dice_loss_aux": [
        0.8884755969047546
    ]
}