{
    "train_loss": [
        1.372986797024222,
        1.0112065480035894,
        0.9112979839829838,
        0.8725347203366897
    ],
    "train_focal_loss": [
        0.4619447352255092,
        0.1690486349603709,
        0.09802851037067525,
        0.07103285938501358
    ],
    "train_dice_loss": [
        0.9110420679344851,
        0.8421579108518713,
        0.8132694766801947,
        0.8015018596368677
    ],
    "val_loss": [
        1.21044479476081,
        0.9460442728466458,
        0.8631002505620321,
        0.8352825707859464
    ],
    "val_focal_loss": [
        0.3030163016584184,
        0.12028260280688603,
        0.06665205914113256,
        0.05776230701141887
    ],
    "val_dice_loss": [
        0.907428503036499,
        0.8257616758346558,
        0.7964481976297166,
        0.7775202658441331
    ],
    "val_miou": [
        0.1594959638827271,
        0.20112588355635533,
        0.22605078101498993,
        0.2818177716907395
    ],
    "val_accuracy": [
        0.8036844887767841,
        0.815704351145889,
        0.8313655533023134,
        0.8346477826266274
    ],
    "learning_rate": [
        1e-05,
        9.999444846167474e-06,
        9.997779521645793e-06,
        9.995004437328866e-06
    ]
}