{
    "train_loss": [
        2.669741420184865,
        1.9075002705349642,
        1.7000108150874866,
        1.5839470870354597,
        1.4988708636339974,
        1.4416398686521195,
        1.4218915700912476,
        1.3772347849958084,
        1.3615943824543673,
        1.3527753282995785,
        1.3281617585350485,
        1.3192563372499801,
        1.3006148443502539,
        1.2943245207562166,
        1.2770298368790571,
        1.2832694684757906,
        1.265085739247939,
        1.261890625252443,
        1.2540361320271212,
        1.2377792912371017,
        1.24679336828344,
        1.2336190693518694,
        1.2324866126565373,
        1.217076333130107,
        1.2243028984350317,
        1.2133532306727242,
        1.2019226761425243,
        1.2065401498009176,
        1.2044452639187084,
        1.1948034658151514,
        1.1974424404256485,
        1.1921745959450216,
        1.1899083011290605,
        1.1774490195162155,
        1.1815054066040938,
        1.17744401623221,
        1.1721606955808752,
        1.1686833851477678,
        1.159643713165732,
        1.1608983804197872,
        1.1630712291773628,
        1.1476730073199553,
        1.1553855924045338,
        1.1499390426804037,
        1.151578755939708,
        1.1481434282134562,
        1.1481780830551596,
        1.1439810535487007,
        1.1338511109352112,
        1.1387825257637922,
        1.1397884242674883
    ],
    "train_focal_loss": [
        0.8180820135509267,
        0.4883503256475224,
        0.3633045545395683,
        0.29117510949864106,
        0.23922794794335084,
        0.2096714973449707,
        0.195591293494491,
        0.17404280515278087,
        0.16958782186402993,
        0.1599646162460832,
        0.14905960222377496,
        0.1478626611916458,
        0.13622991718790112,
        0.13308719129246824,
        0.12259690178667798,
        0.12433093238402815,
        0.11310883129344267,
        0.11443244183764738,
        0.10783367406796007,
        0.10671305437298383,
        0.10782589127912241,
        0.10137806679396068,
        0.10054256131543833,
        0.09952259239028483,
        0.09706147595801774,
        0.09030452392557088,
        0.09015085679643295,
        0.0954361112021348,
        0.0903168368865462,
        0.0871072856380659,
        0.08867351908017607,
        0.0892292693914736,
        0.08412347240921329,
        0.07986990756848279,
        0.08520586613346548,
        0.07969632350346621,
        0.08152298366322237,
        0.08115684931330822,
        0.07510586630772143,
        0.07887176325654283,
        0.07962493839509346,
        0.07515216399641599,
        0.07390939323779415,
        0.0745933023007477,
        0.07963846733464915,
        0.07400018535554409,
        0.0766691799987765,
        0.07350122983403065,
        0.07181221750729225,
        0.07506824230008266,
        0.07295767941019114
    ],
    "train_dice_loss": [
        0.9342558892334208,
        0.9100434639874626,
        0.8919931737815633,
        0.8752665747614468,
        0.8599392666536219,
        0.85216164764236,
        0.8468658924102783,
        0.8425712322487551,
        0.8388382582103505,
        0.837904270957498,
        0.8334436066010419,
        0.8323674026657554,
        0.8308773864718044,
        0.8275893891558928,
        0.8243308926329893,
        0.823899482979494,
        0.8200868035064024,
        0.8189112193444196,
        0.8191439176307005,
        0.8161989976378048,
        0.8168050997397479,
        0.8146721896003274,
        0.8135121236829197,
        0.8097695866051842,
        0.8094036807032192,
        0.8072666648556205,
        0.8068638549131506,
        0.8046983901192161,
        0.8044812451390659,
        0.8013559895403245,
        0.8015069610932294,
        0.8005903626189512,
        0.8005991735879112,
        0.7956804124748006,
        0.7977452015175539,
        0.7944720492643469,
        0.7926968686720904,
        0.7951489196104162,
        0.7899289534372442,
        0.7918932332712061,
        0.791403426843531,
        0.7862442924695856,
        0.7876077574842116,
        0.7863584248458638,
        0.7879943567163804,
        0.7862102284150965,
        0.7846895719275755,
        0.7819296156658846,
        0.780231947408003,
        0.7801960058072034,
        0.7786543719908771
    ],
    "val_loss": [
        1.6619985500971477,
        1.5090088446935017,
        1.4346915615929499,
        1.4173580673005846,
        1.596273488468594,
        1.3078553676605225,
        1.2600296603308783,
        1.3091887633005779,
        1.2086371315850153,
        1.2120468484030829,
        1.2548956738577948,
        1.201919502682156,
        1.1830246580971613,
        1.1928101778030396,
        1.1759531762864854,
        1.2102209594514635,
        1.1685590876473322,
        1.1850662761264377,
        1.178407417403327,
        1.2997425397237141,
        1.188538842731052,
        1.139983958668179,
        1.1445145342085097,
        1.1648336516486273,
        1.150564776526557,
        1.253703236579895,
        1.1381204922993977,
        1.2016180886162653,
        1.309973292880588,
        1.2034888135062323,
        1.114878084924486,
        1.1441335678100586,
        1.1149680217107136,
        1.2382542159822252,
        1.1115527086787753,
        1.1350887086656358,
        1.1546379062864516,
        1.0982689128981695,
        1.2248017258114285,
        1.1048165162404378,
        1.1284993423355951,
        1.1054526964823406,
        1.1160415013631184,
        1.1085376077228122,
        1.1283600595262315,
        1.1207365459865994,
        1.1364136007097032,
        1.2006724278132122,
        1.1105426020092435,
        1.0927321116129558,
        1.0936686727735732
    ],
    "val_focal_loss": [
        0.32993239495489335,
        0.25616898470454746,
        0.19173862205611336,
        0.16267233507500756,
        0.14979630543126,
        0.11453925487067965,
        0.11004446612464057,
        0.11126414769225651,
        0.0940761301252577,
        0.09766435830129518,
        0.10385674072636498,
        0.09395216984881295,
        0.08479149474038018,
        0.07906022253963682,
        0.09313942988713582,
        0.0738188802368111,
        0.07578592499097188,
        0.07224756106734276,
        0.08211096252004306,
        0.0817173280649715,
        0.07262048994501431,
        0.0702781801422437,
        0.07526356106003125,
        0.06564286516772376,
        0.06780938100483683,
        0.06774296880596214,
        0.07785946834418508,
        0.06455153785645962,
        0.0635835470424758,
        0.07020151987671852,
        0.06970305078559452,
        0.07055134036474758,
        0.0637295792500178,
        0.07350326619214481,
        0.0571278114285734,
        0.07121533569362429,
        0.06477859326534802,
        0.05797410921918021,
        0.07658559125330713,
        0.0636008106586006,
        0.06656532962289122,
        0.06284592031604713,
        0.06115694033602873,
        0.060070574697521,
        0.06611104143990411,
        0.06766072784860928,
        0.057864164726601705,
        0.06004433644314607,
        0.06002317058543364,
        0.06168005884521537,
        0.05658181239333418
    ],