{
    "train_loss": [
        2.5684322452545167,
        1.6275760269165038,
        1.0299470710754395,
        0.9359395766258239,
        0.9019707298278808,
        0.8811167240142822,
        0.8569685053825379,
        0.8571061229705811,
        0.8353577256202698,
        0.8294005870819092,
        0.8167633438110351,
        0.811551308631897,
        0.7960644936561585,
        0.7945872473716736,
        0.7922668337821961,
        0.7772610545158386,
        0.7672148895263672,
        0.7545755887031556,
        0.7423505520820618,
        0.733778760433197,
        0.7331229829788208,
        0.7164320015907287,
        0.7079916024208068
    ],
    "train_focal_loss": [
        1.6248886203765869,
        0.7532345092296601,
        0.20053834348917007,
        0.11498940154910088,
        0.09093942448496818,
        0.07840072944760322,
        0.069930090457201,
        0.07617193460464478,
        0.06093996211886406,
        0.060226919800043105,
        0.05947517648339271,
        0.05745181277394295,
        0.0543773703277111,
        0.056685400158166886,
        0.05955548495054245,
        0.05999800674617291,
        0.05811039537191391,
        0.05572757542133331,
        0.061668026596307754,
        0.05585018426179886,
        0.05651813492178917,
        0.05159105338156223,
        0.05040196873247624
    ],
    "train_dice_loss": [
        0.9435436177253723,
        0.8743415331840515,
        0.8294087433815003,
        0.8209501767158508,
        0.8110313057899475,
        0.8027159929275512,
        0.787038414478302,
        0.7809341812133789,
        0.7744177627563477,
        0.7691736674308777,
        0.7572881650924682,
        0.7540994954109191,
        0.7416871190071106,
        0.7379018545150757,
        0.7327113461494446,
        0.7172630429267883,
        0.7091044902801513,
        0.6988480138778687,
        0.6806825256347656,
        0.6779285788536071,
        0.67660484790802,
        0.6648409485816955,
        0.657589635848999
    ],
    "val_loss": [
        1.5792140790394373,
        1.7378568649291992,
        0.8891039575849261,
        0.9108837928090777,
        0.8549828955105373,
        0.8290108272007534,
        0.8153862186840602,
        0.8348963856697083,
        0.808056788785117,
        0.8043410607746669,
        0.8071228521210807,
        0.7780388678823199,
        0.7566411239760262,
        0.8262484754834857,
        0.7589201416288104,
        0.7426016501017979,
        0.7311561788831439,
        0.7278330751827785,
        0.7135589803968158,
        0.7083985039166042,
        0.7248342292649406,
        0.7075818947383335,
        0.6963795508657183
    ],
    "val_focal_loss": [
        0.6976674199104309,
        0.896928438118526,
        0.0674285399062293,
        0.09355604009968894,
        0.038871247587459426,
        0.035932747913258414,
        0.035930292680859566,
        0.044165377638169696,
        0.04001091793179512,
        0.0476944563644273,
        0.04134463359202657,
        0.03868700750172138,
        0.042117051780223846,
        0.06386141904762813,
        0.04038414465529578,
        0.049017279275826046,
        0.04583006937588964,
        0.04511640753064837,
        0.04555864419255938,
        0.04621584287711552,
        0.05134583158152444,
        0.0363682218428169,
        0.037989455674375804
    ],
    "val_dice_loss": [
        0.8815466591290065,
        0.8409284268106733,
        0.8216754112924848,
        0.817327754838126,
        0.8161116583006722,
        0.7930780734334674,
        0.7794559342520577,
        0.7907310043062482,
        0.7680458681924003,
        0.7566466076033456,
        0.765778226511819,
        0.7393518686294556,
        0.7145240732601711,
        0.7623870628220695,
        0.7185359937804086,
        0.6935843740190778,
        0.6853261164256504,
        0.6827166761670794,
        0.668000340461731,
        0.6621826546532767,
        0.6734884040696281,
        0.6712136779512677,
        0.6583900962557111
    ],
    "val_miou": [
        0.10704604934001831,
        0.14205743061168635,
        0.1682327695450724,
        0.1879099301377733,
        0.22900859469332874,
        0.2255276552446866,
        0.22954526985820783,
        0.21764816295808587,
        0.2225694139965716,
        0.23165494927173721,
        0.2289130784064117,
        0.24434035597667175,
        0.2470015807318506,
        0.2210238906417543,
        0.2677273854534954,
        0.28272046739917045,
        0.3037038622666937,
        0.2806445326521718,
        0.30066090363371456,
        0.3083893215106004,
        0.28681234943980194,
        0.31497588732075743,
        0.31703720876968133
    ],
    "val_accuracy": [
        0.5383717399858879,
        0.777096634864052,
        0.8325320653527368,
        0.8343626429960282,
        0.8328213848704376,
        0.8318043390893591,
        0.8302673712437102,
        0.8047802897754847,
        0.8194843512537994,
        0.8262267756171617,
        0.8154516128259814,
        0.8275142337520115,
        0.8436564369763863,
        0.7683801329707415,
        0.8230205396653342,
        0.8353529743014227,
        0.8462586164785063,
        0.8372203435895634,
        0.8433866731533038,
        0.8400009438615872,
        0.8341301696875558,
        0.8325838979208705,
        0.8412610389900641
    ],
    "learning_rate": [
        0.0001,
        9.99938933078422e-05,
        9.997557473810373e-05,
        9.994504881061753e-05,
        9.990232305719945e-05,
        9.984740801978984e-05,
        9.978031724785247e-05,
        9.97010672950314e-05,
        9.960967771506667e-05,
        9.95061710569696e-05,
        9.939057285945933e-05,
        9.926291164466132e-05,
        9.91232189110701e-05,
        9.897152912577741e-05,
        9.8807879715968e-05,
        9.8632311059685e-05,
        9.844486647586725e-05,
        9.824559221366101e-05,
        9.803453744100869e-05,
        9.781175423251735e-05,
        9.757729755661011e-05,
        9.73312252619635e-05,
        9.707359806323417e-05
    ]
}