{
    "train_loss": [
        1.017829982134012
    ],
    "train_focal_loss": [
        1.2618066232938032
    ],
    "train_dice_loss": [
        0.9132685569616464
    ],
    "val_loss": [
        224.27471542358398
    ],
    "val_focal_loss": [
        745.2843170166016
    ],
    "val_dice_loss": [
        0.9848728328943253
    ],
    "val_miou": [
        0.02215721136549954
    ],
    "val_accuracy": [
        0.07900909387192377
    ],
    "learning_rate": [
        0.001
    ]
}