{
    "train_loss": [
        2.157408695954543,
        2.1560110495640683,
        2.165162911781898,
        2.1535086448375997,
        2.1527600838587833,
        2.1579693464132457,
        2.1447204626523533
    ],
    "train_focal_loss": [
        1.2199853291878333,
        1.2199440185840313,
        1.229578394156236,
        1.2172280825101411,
        1.2160525597058809,
        1.222782694376432,
        1.209186682334313
    ],
    "train_dice_loss": [
        0.9374233621817368,
        0.9360670080551734,
        0.9355845313805801,
        0.9362805439875677,
        0.936707487473121,
        0.9351866474518409,
        0.9355337940729581
    ],
    "val_loss": [
        1.391090452671051,
        1.7183005511760712,
        1.8735875487327576,
        1.9585707783699036,
        1.9479736983776093,
        1.8959099054336548,
        1.846503585577011
    ],
    "val_focal_loss": [
        0.4613093361258507,
        0.7676715552806854,
        0.9175017327070236,
        1.0012671649456024,
        0.9914356470108032,
        0.9417810291051865,
        0.8939854949712753
    ],
    "val_dice_loss": [
        0.9297811388969421,
        0.9506290256977081,
        0.9560858011245728,
        0.9573035836219788,
        0.9565380364656448,
        0.9541288614273071,
        0.952518105506897
    ],
    "val_miou": [
        0.08598585646381672,
        0.04285410757039771,
        0.033335789954392674,
        0.03231261810073662,
        0.031861379180205644,
        0.03600907642185114,
        0.0399092038763087
    ],
    "val_accuracy": [
        0.4103792395864596,
        0.17726094343987595,
        0.12671733732555523,
        0.11962656156212485,
        0.12193519986119447,
        0.14015791863620447,
        0.16334336468962585
    ],
    "learning_rate": [
        0.0001,
        9.99938933078422e-05,
        9.997557473810373e-05,
        9.994504881061753e-05,
        9.990232305719945e-05,
        9.984740801978984e-05,
        9.978031724785247e-05
    ]
}