{
    "train_loss": [
        2.272040516138077,
        1.4350576549768448,
        1.1495716758072376,
        1.08124415948987,
        1.0508479252457619,
        1.0339236222207546,
        1.031883418560028,
        1.0188973676413298,
        1.0137718617916107,
        1.0098204016685486,
        1.0027695838361979,
        1.0023138485848904,
        1.0032658893615007,
        1.006008442491293,
        0.9984779600054026,
        0.9907742068171501,
        0.9872424863278866,
        0.9834372829645872,
        0.9777604825794697,
        0.9788835179060698,
        0.9787848219275475,
        0.9784648306667805,
        0.973524883389473,
        0.9716000612825155,
        0.9725109413266182,
        0.9686662685126066,
        0.9646521098911762,
        0.9690897390246391,
        0.9677867200225592,
        0.9671866204589605,
        0.9586074966937304,
        0.9631389547139406,
        0.9654020350426435,
        0.9583357591181993,
        0.9566520266234875,
        0.9556921720504761,
        0.9613427184522152,
        0.9594851899892092,
        0.9593236744403839,
        0.9593186173588037,
        0.9508969374001026,
        0.9572457708418369,
        0.9548486527055502,
        0.9489890467375517,
        0.9564947318285704,
        0.9554724916815758
    ],
    "train_focal_loss": [
        1.320746049284935,
        0.5116409016773105,
        0.24268521508201957,
        0.18115982715971768,
        0.15498391375876963,
        0.14126500533893704,
        0.13901146198622882,
        0.12765467981807888,
        0.12409219914115965,
        0.12079572374932468,
        0.11520812916569412,
        0.11575783300213516,
        0.11584823671728373,
        0.11973582906648517,
        0.11653472413308918,
        0.11203416925854981,
        0.11360037256963551,
        0.1118850875645876,
        0.11156505113467574,
        0.11085620638914406,
        0.11030445317737758,
        0.11166861723177135,
        0.10992130287922919,
        0.1100092832930386,
        0.10752335819415748,
        0.10986428591422737,
        0.10682150651700795,
        0.10839889757335186,
        0.10620722151361406,
        0.10608941176906228,
        0.10434168111532927,
        0.10646613920107484,
        0.10709663340821862,
        0.10635012411512434,
        0.10371375759132206,
        0.10426652198657393,
        0.10491786198690534,
        0.10520479967817664,
        0.10397826856933534,
        0.10383396223187447,
        0.10269982705358416,
        0.10357720858883113,
        0.10291506838984787,
        0.10187677899375558,
        0.10472535714507103,
        0.10218038340099156
    ],
    "train_dice_loss": [
        0.951294457539916,
        0.9234167616814375,
        0.9068864583969116,
        0.9000843465328217,
        0.8958640228956938,
        0.8926586136221886,
        0.8928719535470009,
        0.8912426922470331,
        0.889679653570056,
        0.8890246730297804,
        0.8875614628195763,
        0.8865560237318277,
        0.8874176535755396,
        0.8862726297229528,
        0.8819432370364666,
        0.8787400349974632,
        0.8736421074718237,
        0.8715522009879351,
        0.8661954272538424,
        0.8680273182690144,
        0.8684803694486618,
        0.8667962159961462,
        0.8636035863310099,
        0.8615907803177834,
        0.8649875782430172,
        0.858801981434226,
        0.8578306045383215,
        0.8606908489018679,
        0.8615794964134693,
        0.8610972072929144,
        0.8542658146470785,
        0.8566728178411722,
        0.8583054002374411,
        0.851985627785325,
        0.8529382720589638,
        0.8514256458729506,
        0.856424855068326,
        0.8542803935706615,
        0.8553454075008631,
        0.8554846495389938,
        0.8481971155852079,
        0.8536685593426228,
        0.8519335836172104,
        0.8471122644841671,
        0.8517693728208542,
        0.8532921019941568
    ],
    "val_loss": [
        1.6931084543466568,
        1.286829650402069,
        1.04436194896698,
        1.006212256848812,
        0.996611513197422,
        0.9929686412215233,
        0.993160180747509,
        0.9799197539687157,
        0.9772257208824158,
        0.9753259494900703,
        0.9741773307323456,
        0.9708940014243126,
        0.9711477234959602,
        0.9677089601755142,
        0.9564761370420456,
        0.9517043754458427,
        0.962530605494976,
        0.9522241577506065,
        0.9631849750876427,
        0.9440536424517632,
        0.9530029222369194,
        0.9431727156043053,
        0.9431155994534492,
        0.9418518096208572,
        0.9410445541143417,
        0.9408773705363274,
        0.9431233033537865,
        0.9427927508950233,
        0.9396645724773407,
        0.9451530054211617,
        0.9419774413108826,
        0.9390398040413857,
        0.9388482794165611,
        0.9388744384050369,
        0.9382732883095741,
        0.9413627237081528,
        0.9394290074706078,
        0.9406863674521446,
        0.9382401555776596,
        0.9371957555413246,
        0.9372153580188751,
        0.937780886888504,
        0.9448076412081718,
        0.9441294968128204,
        0.9367044866085052,
        0.9404429644346237
    ],
    "val_focal_loss": [
        0.756345346570015,
        0.3558216206729412,
        0.14194980636239052,
        0.1121621448546648,
        0.10775608476251364,
        0.1057819053530693,
        0.10878652054816484,
        0.0945857809856534,
        0.0915199788287282,
        0.08923496957868338,
        0.09550580196082592,
        0.09125723131000996,
        0.09439065493643284,
        0.09147524926811457,
        0.09542347025126219,
        0.09243213664740324,
        0.09630070626735687,
        0.09348108526319265,
        0.09272439684718847,
        0.09171958453953266,
        0.09892739169299603,
        0.09147316496819258,
        0.09198607783764601,
        0.09144239965826273,
        0.09104573260992765,
        0.08995920792222023,
        0.09204698912799358,
        0.09363152924925089,
        0.09001237992197275,
        0.09089296124875546,
        0.09253712091594934,
        0.08940230775624514,
        0.08985201269388199,
        0.09058009553700686,
        0.09106878563761711,
        0.09196672029793262,
        0.09011917747557163,
        0.09078790806233883,
        0.09081658255308867,
        0.09126733988523483,
        0.09095838665962219,
        0.09107511211186647,
        0.09112353529781103,
        0.0900338115170598,
        0.09127666614949703,
        0.09144570492208004
    ],
    "val_dice_loss": [
        0.9367630928754807,
        0.93100805580616,
        0.9024121537804604,
        0.8940501138567924,
        0.888855442404747,
        0.887186735868454,
        0.8843736574053764,
        0.8853339776396751,
        0.8857057467103004,
        0.8860909789800644,
        0.8786715269088745,
        0.8796367570757866,
        0.8767570704221725,
        0.8762337118387222,
        0.8610526695847511,
        0.8592722415924072,
        0.8662298992276192,
        0.8587430641055107,
        0.8704605773091316,
        0.8523340672254562,
        0.8540755286812782,
        0.8516995534300804,
        0.851129524409771,
        0.8504094108939171,
        0.8499988168478012,
        0.8509181588888168,
        0.8510763049125671,
        0.8491612300276756,
        0.8496521934866905,
        0.8542600348591805,
        0.8494403213262558,
        0.8496375009417534,
        0.8489962667226791,
        0.8482943400740623,
        0.8472045063972473,
        0.8493960052728653,
        0.8493098467588425,
        0.84989845007658,
        0.8474235683679581,
        0.8459284156560898,
        0.8462569713592529,
        0.8467057719826698,
        0.8536841049790382,
        0.8540956825017929,
        0.8454278185963631,
        0.8489972501993179
    ],