{
    "best_miou": 0.12964041650691338,
    "metrics_history": {
        "train_loss": [
            2.9506741911172867,
            1.6191870756447315,
            1.1803879737854004,
            1.1088983714580536,
            1.0735475048422813,
            1.0539014674723148,
            1.0399862807244062,
            1.0263132732361555,
            1.0166524853557348,
            1.0146427527070045,
            1.0073920078575611,
            1.0121762249618769,
            1.0066051352769136,
            0.9968442879617214,
            0.9940744247287512,
            0.987232718616724,
            0.9836378805339336,
            0.9835418704897165,
            0.9778795093297958,
            0.9771582614630461,
            0.9766866862773895,
            0.974628871306777,
            0.9756478648632765,
            0.9706663358956575
        ],
        "train_focal_loss": [
            1.9865562431514263,
            0.6906704902648926,
            0.2734383409842849,
            0.20923883700743318,
            0.17736537451855838,
            0.16058355872519314,
            0.14810384390875697,
            0.13654039683751762,
            0.12902718619443476,
            0.12707951990887523,
            0.12277713906951249,
            0.1266041463240981,
            0.12401498761028051,
            0.11955480463802814,
            0.12308125873096287,
            0.11847708420827985,
            0.11665393598377705,
            0.11800079909153283,
            0.11439095018431544,
            0.11305685946717858,
            0.11697934963740408,
            0.11364555452018976,
            0.11150170140899718,
            0.11080952337943017
        ],
        "train_dice_loss": [
            0.9641179349273443,
            0.928516574203968,
            0.9069496244192123,
            0.8996595293283463,
            0.8961821421980858,
            0.8933178968727589,
            0.8918824307620525,
            0.8897728770971298,
            0.8876252975314856,
            0.887563232332468,
            0.8846148736774921,
            0.8855720721185207,
            0.8825901485979557,
            0.8772894814610481,
            0.8709931597113609,
            0.8687556330114603,
            0.8669839426875114,
            0.8655410725623369,
            0.8634885586798191,
            0.8641014043241739,
            0.8597073275595903,
            0.8609833102673292,
            0.8641461562365294,
            0.8598568178713322
        ],
        "val_loss": [
            2.2608174085617065,
            1.4035428166389465,
            1.1041845977306366,
            1.038300946354866,
            1.0065673291683197,
            1.010217696428299,
            0.9895852282643318,
            0.9802826717495918,
            0.979237362742424,
            0.9747388362884521,
            0.9720874130725861,
            0.992529883980751,
            0.9647444188594818,
            0.953871451318264,
            0.9510392621159554,
            0.9470282718539238,
            0.9456001669168472,
            0.9446057975292206,
            0.9431098327040672,
            0.9482200518250465,
            0.9435863420367241,
            0.940892867743969,
            0.9402854219079018,
            0.9398607462644577
        ],
        "val_focal_loss": [
            1.2944778054952621,
            0.46454993262887,
            0.19400003366172314,
            0.13647594209760427,
            0.11426525190472603,
            0.12128806207329035,
            0.1048951530829072,
            0.096490697003901,
            0.09291289933025837,
            0.09221273753792048,
            0.09311677794903517,
            0.11159336194396019,
            0.09083082899451256,
            0.092268499545753,
            0.09109784848988056,
            0.09449573326855898,
            0.09447361622005701,
            0.09385124500840902,
            0.09261889196932316,
            0.09916937816888094,
            0.09296664409339428,
            0.09164840262383223,
            0.09133543260395527,
            0.09291895665228367
        ],
        "val_dice_loss": [
            0.9663395807147026,
            0.9389928802847862,
            0.9101845622062683,
            0.901824988424778,
            0.8923020735383034,
            0.8889296352863312,
            0.8846900761127472,
            0.8837919756770134,
            0.8863244578242302,
            0.8825260922312737,
            0.8789706379175186,
            0.8809365183115005,
            0.8739135935902596,
            0.8616029620170593,
            0.8599414154887199,
            0.8525325357913971,
            0.8511265516281128,
            0.850754551589489,
            0.8504909351468086,
            0.8490506783127785,
            0.8506197109818459,
            0.8492444530129433,
            0.8489499911665916,
            0.8469417840242386
        ],
        "val_miou": [
            0.012268864798072859,
            0.08139648065780503,
            0.11002179801326806,
            0.11187687051742042,
            0.11252665174200521,
            0.11305650729915195,
            0.11347732837206742,
            0.11397710618912751,
            0.11431720558669746,
            0.1145535306276772,
            0.11500803495662058,
            0.11591514924028777,
            0.11869123406208192,
            0.12072982338760774,
            0.12325340577408835,
            0.12425452009209813,
            0.12766467635070056,
            0.12883157495637781,
            0.12964041650691338,
            0.12902796001437178,
            0.12479596476867948,
            0.12799162765139882,
            0.127082077183879,
            0.12799911383472173
        ],
        "val_accuracy": [
            0.04239973294005102,
            0.571132473692602,
            0.7753989357461735,
            0.7784281329719388,
            0.7788586575255102,
            0.7788570232780613,
            0.7788668885522959,
            0.7789262396364796,
            0.7789382772640306,
            0.7789481026785714,
            0.7789646045918367,
            0.7738604113520409,
            0.779090501434949,
            0.7790579958545918,
            0.7792530492665817,
            0.7792711854272959,
            0.779420559630102,
            0.7794021444515307,
            0.7794322185905612,
            0.7793503069196429,
            0.7792054567920919,
            0.7793404017857143,
            0.7793328483737245,
            0.7793736248405613
        ],
        "learning_rate": [
            0.0001,
            9.99938933078422e-05,
            9.997557473810373e-05,
            9.994504881061753e-05,
            9.990232305719945e-05,
            9.984740801978984e-05,
            9.978031724785247e-05,
            9.97010672950314e-05,
            9.960967771506667e-05,
            9.95061710569696e-05,
            9.939057285945933e-05,
            9.926291164466132e-05,
            9.91232189110701e-05,
            9.897152912577741e-05,
            9.8807879715968e-05,
            9.8632311059685e-05,
            9.844486647586725e-05,
            9.824559221366101e-05,
            9.803453744100869e-05,
            9.781175423251735e-05,
            9.757729755661011e-05,
            9.73312252619635e-05,
            9.707359806323417e-05,
            9.680447952607845e-05
        ]
    }
}