{
    "train_loss": [
        2.0115785928148973,
        0.8031520561168068,
        0.7307498831497995,
        0.7157941601778331,
        0.689832456802067,
        0.7194704593796479,
        0.6890740363221419,
        0.7245940487635764,
        0.7272321377929888,
        0.6855235382130271,
        0.6961204723307961,
        0.7078512922713631,
        0.6914237455317849,
        0.6920128370586195,
        0.6815656360826994,
        0.7165439568067852,
        0.6807796986479508,
        0.6908423665322756,
        0.7046627512103633,
        0.6765454356607637
    ],
    "train_ce_loss": [
        3.0486286988383844,
        1.0504432853899504,
        0.943536135711168,
        0.9062572435328835,
        0.8708495027140567,
        0.9178831067524458,
        0.8555822874370375,
        0.9280120236308951,
        0.9250265657901764,
        0.8492547148152402,
        0.8722166889592221,
        0.9012420318628612,
        0.8649387014539618,
        0.8755412838960949,
        0.8639269690764578,
        0.9088351177541834,
        0.8495558280693857,
        0.8717895542320452,
        0.8803191875156603,
        0.8453133372884047
    ],
    "train_dice_loss": [
        0.45600327692533793,
        0.43221514005410044,
        0.41157043921320063,
        0.4300994857361442,
        0.418306816565363,
        0.4218514106775585,
        0.43931159377098083,
        0.4194670303871757,
        0.4305404299183896,
        0.4399267215477793,
        0.4319760768037093,
        0.4177651201423846,
        0.43115123949552836,
        0.41672009700223017,
        0.408023559733441,
        0.42810715813385813,
        0.427615435499894,
        0.4194215034183703,
        0.4411780442062177,
        0.42339352557533666
    ],
    "val_loss": [
        0.6227020680904388,
        0.6926995426416397
    ],
    "val_ce_loss": [
        0.7485388040542602,
        0.8811412036418915
    ],
    "val_dice_loss": [
        0.43394687175750735,
        0.41003697514534
    ],
    "val_miou": [
        0.047274281589690416,
        0.049352274688276666
    ],
    "val_accuracy": [
        0.2156070631377551,
        0.2319445883822279
    ],
    "learning_rate": [
        0.0001,
        9.757729755661011e-05,
        9.05463412215599e-05,
        7.959536998847742e-05,
        6.57963412215599e-05,
        5.05e-05,
        3.5203658778440106e-05,
        2.1404630011522586e-05,
        1.0453658778440109e-05,
        3.4227024433899e-06,
        0.0001,
        9.939057285945933e-05,
        9.757729755661011e-05,
        9.460482294732421e-05,
        9.05463412215599e-05,
        8.55017856687341e-05,
        7.959536998847742e-05,
        7.297252973710757e-05,
        6.57963412215599e-05,
        5.8243506019491436e-05
    ]
}