{
    "best_miou": -Infinity,
    "metrics_history": {
        "train_loss": [
            0.6339616618658367,
            0.31883546004169866,
            0.2605438095174338,
            0.2498995665656893,
            0.24599626111356834,
            0.2486211861434736,
            0.24872657813523946,
            0.24667750730326302,
            0.24707116539541044
        ],
        "train_bce_loss": [
            0.7125519945433265,
            0.2700570072782667,
            0.19341478124260902,
            0.18470953581364533,
            0.17075471776096443,
            0.1721215714749537,
            0.17539991457995616,
            0.16718851167120433,
            0.17453587133633464
        ],
        "train_dice_loss": [
            0.45058423123861613,
            0.43265185387511,
            0.41717819947945445,
            0.40200962518390854,
            0.42155984828346654,
            0.42712027148196574,
            0.4198221156471654,
            0.4321518148246564,
            0.41632017179539327
        ],
        "val_loss": [],
        "val_bce_loss": [],
        "val_dice_loss": [],
        "val_miou": [],
        "val_accuracy": [],
        "learning_rate": [
            0.001,
            0.0009755527298894294,
            0.0009046039886902864,
            0.0007940987335200904,
            0.0006548539886902864,
            0.0005005000000000001,
            0.0003461460113097139,
            0.00020690126647990973,
            9.639601130971382e-05
        ]
    }
}