{
    "train_loss": [
        0.8198138968302653,
        0.5523049246806365,
        0.51881231711461,
        0.5071468284496894,
        0.49338782865267533,
        0.48429126005906326,
        0.47957612344851863,
        0.47352619010668534,
        0.47175895938506496,
        0.46448043103401476,
        0.45474843910107243,
        0.4534721580835489,
        0.4489810180205565,
        0.4521537468983577,
        0.44234514465698827,
        0.4413308925353564,
        0.4442979532938737,
        0.43842891775644743,
        0.43828633427619934,
        0.43164123365512264,
        0.43269266532017636,
        0.43108370097783894,
        0.4283196994891533,
        0.4290952533483505,
        0.4360983417584346,
        0.4264394308512027,
        0.42179570404382855,
        0.42204887018753934,
        0.41860182124834794,
        0.41721774637699127,
        0.41988939963854277,
        0.41721100302842945,
        0.4143703877925873,
        0.4110492616891861,
        0.41108187116109407,
        0.4099760605738713,
        0.4093089344409796,
        0.40780164874517,
        0.40529303138072675,
        0.40447773268589604,
        0.4060676017632851,
        0.40654897345946384,
        0.40370576312908757,
        0.4043273375584529,
        0.403868331358983,
        0.4042471887973639,
        0.4015315885727222,
        0.40342060648477995,
        0.4010700021798794,
        0.4014290834848697,
        0.42649067594454837,
        0.43824005126953125,
        0.4230432453063818,
        0.41766741413336533,
        0.4168011225186862,
        0.42096783220767975,
        0.41860530238885146,
        0.4149907036469533,
        0.415839834855153,
        0.4261792588692445,
        0.41288266961391157,
        0.4118297833662767,
        0.41112779768613666,
        0.4069139143595329,
        0.40477075370458454,
        0.4056560259598952,
        0.40112923429562497,
        0.4052581569323173,
        0.41133713951477635,
        0.4097730437150368,
        0.40500870920144594,
        0.40502878106557405,
        0.3975974309902925,
        0.3932641182954495,
        0.394347770855977,
        0.3945122876992592,
        0.399272641310325,
        0.3973507457054578,
        0.39123486899412596,
        0.38962694658682895
    ],
    "train_ce_loss": [
        0.7770749284670904,
        0.33936106241666353,
        0.28591936310896504,
        0.267142711350551,
        0.24492364606032005,
        0.23031546376072443,
        0.22285911670097938,
        0.2135186017705844,
        0.21056090008753997,
        0.19888072976699242,
        0.1831600436797509,
        0.18148015812039375,
        0.17424588306592062,
        0.1795517154611074,
        0.163734570145607,
        0.16223472270828027,
        0.16715136313667664,
        0.15819584778868234,
        0.15752879759440055,
        0.1474516732761493,
        0.14897173098646677,
        0.14674923511651847,
        0.14204438546529183,
        0.14340112902797186,
        0.15502734396320123,
        0.1389923170208931,
        0.1322938705293032,
        0.1327682530077604,
        0.12680977640243676,
        0.12518122219122374,
        0.12956998841120645,
        0.12512047732105622,
        0.12062447145581245,
        0.11547802560604535,
        0.11581850710969704,
        0.11384682959088913,
        0.11330179440287444,
        0.11116951474776635,
        0.10711144827879392,
        0.1060961141036107,
        0.10822856970704518,
        0.10896780169927157,
        0.10445731090238461,
        0.10579814188755475,
        0.10535180654663306,
        0.10583321893444428,
        0.10125707920927268,
        0.10449399197330841,
        0.1008419175274097,
        0.10123896269271007,
        0.14035064067978126,
        0.15832443392047515,
        0.13444123675043768,
        0.12604794307396963,
        0.12484784238040447,
        0.1310372338272058,
        0.12809587642550468,
        0.12238921167758796,
        0.12364860194233748,
        0.13995568024424407,
        0.11865698374234714,
        0.11707995144220498,
        0.11635014586723767,
        0.1100745381644139,
        0.10687556819846997,
        0.10841913292041191,
        0.10105921414036018,
        0.10770471035861053,
        0.11714701125254998,
        0.11471264981306516,
        0.10743377844874676,
        0.10723828409726803,
        0.09570158889087346,
        0.0894865717452306,
        0.09171826908221611,
        0.09124707917754467,
        0.09894813281985429,
        0.09624231033600293,
        0.08739737564554581,
        0.08444313060205716
    ],
    "train_dice_loss": [
        0.88392229951345,
        0.8717206854086655,
        0.8681517105836135,
        0.8671529751557571,
        0.8660840598436502,
        0.8652549294325022,
        0.8646515928781949,
        0.8635375453875616,
        0.8635560205349555,
        0.862879950266618,
        0.8621310018576108,
        0.8614601286558005,
        0.8610836978142078,
        0.8610567656847147,
        0.8602609932422638,
        0.8599751270734347,
        0.8600178085840665,
        0.8587785088098966,
        0.8594226126487439,
        0.8579255594657018,
        0.8582740517762991,
        0.8575853728331052,
        0.8577326444479135,
        0.8576364196263827,
        0.8577048182487488,
        0.8576100835433373,
        0.8560484372652494,
        0.8559697683040912,
        0.8562898635864258,
        0.8552725200469677,
        0.8553684972799741,
        0.8553467690944672,
        0.8549892443877,
        0.8544060908831083,
        0.8539768961759714,
        0.8541698845533224,
        0.8533196265880878,
        0.8527498405713302,
        0.8525653985830454,
        0.8520501347688528,
        0.8528261138842657,
        0.8529207018705515,
        0.8525784221979288,
        0.852121100975917,
        0.8516430946496817,
        0.8518681274010584,
        0.851943334707847,
        0.8518105011719924,
        0.8514121106037726,
        0.8517142488406255,
        0.8557007106450888,
        0.8581134562308972,
        0.8559462290543777,
        0.8550966061078585,
        0.854731023311615,
        0.8558637133011451,
        0.8543694156866807,
        0.8538929224014282,
        0.8541266711858603,
        0.8555146066042093,
        0.8542211743501517,
        0.8539545100468856,
        0.8532942602267632,
        0.8521729707717896,
        0.8516135078210098,
        0.8515113385824057,
        0.8512342457587903,
        0.8515883111036741,
        0.8526223118488605,
        0.8523636139356173,
        0.8513710728058448,
        0.8517144987216363,
        0.8504411784502176,
        0.8489304161988772,
        0.8482920068960923,
        0.8494100799927344,
        0.8497593746735499,
        0.8490133766944592,
        0.846991091966629,
        0.8474026528688577
    ],
    "val_loss": [
        0.4347004634993417,
        0.4219509874071394,
        0.4045757906777518,
        0.4005071776253836,
        0.40081287707601276,
        0.4320072531700134,
        0.40357062220573425,
        0.41002448541777475
    ],
    "val_ce_loss": [
        0.14743845271212713,
        0.1273198521562985,
        0.09955116254942757,
        0.0939283360327993,
        0.09442291940961565,
        0.14581878909042903,
        0.09955461536134992,
        0.10965259373188019
    ],
    "val_dice_loss": [
        0.8655934674399239,
        0.8638976727213178,
        0.8621127094541278,
        0.860375429902758,
        0.8603978157043457,
        0.8612899269376483,
        0.8595946090562003,
        0.8605823176247733
    ],
    "val_miou": [
        0.2510740337148703,
        0.26966500130507004,
        0.2759562528105747,
        0.34747022804504474,
        0.3505637762319525,
        0.29678931184243257,
        0.33435282592123344,
        0.3480295619789702
    ],